<?xml version="1.0" encoding="UTF-8"?>
<metadata xml:lang="en"><Esri><CreaDate>20141202</CreaDate><CreaTime>08441500</CreaTime><ArcGISFormat>1.0</ArcGISFormat><SyncOnce>FALSE</SyncOnce><DataProperties><lineage><Process ToolSource="C:\Program Files (x86)\ArcGIS\Desktop10.0\ArcToolbox\Toolboxes\Data Management Tools.tbx\CopyFeatures" Date="20141202" Time="075248">CopyFeatures cpalyr P:/BaseMap_Update/TempShpFiles\cptemp1.shp # 0 0 0</Process><Process Name="Copy Features (4)" ToolSource="C:\Program Files (x86)\ArcGIS\Desktop10.0\ArcToolbox\Toolboxes\Data Management Tools.tbx\CopyFeatures" Date="20141202" Time="075912">CopyFeatures P:\BaseMap_Update\TempShpFiles\cptemp1.shp P:\BaseMap_Update\TempShpFiles\cptemp01.shp # 0 0 0</Process><Process Name="Add Field" ToolSource="C:\Program Files (x86)\ArcGIS\Desktop10.0\ArcToolbox\Toolboxes\Data Management Tools.tbx\AddField" Date="20141202" Time="075916">AddField P:\BaseMap_Update\TempShpFiles\cptemp01.shp POLY_ID LONG # # # # NON_NULLABLE NON_REQUIRED #</Process><Process Name="Add Field (4)" ToolSource="C:\Program Files (x86)\ArcGIS\Desktop10.0\ArcToolbox\Toolboxes\Data Management Tools.tbx\AddField" Date="20141202" Time="075920">AddField P:\BaseMap_Update\TempShpFiles\cptemp01.shp PRCL_ID TEXT # # 8 # NON_NULLABLE NON_REQUIRED #</Process><Process Name="Add Field (5)" ToolSource="C:\Program Files (x86)\ArcGIS\Desktop10.0\ArcToolbox\Toolboxes\Data Management Tools.tbx\AddField" Date="20141202" Time="075924">AddField P:\BaseMap_Update\TempShpFiles\cptemp01.shp EXCPTN_ID SHORT # # # # NON_NULLABLE NON_REQUIRED #</Process><Process Name="Add Field (6)" ToolSource="C:\Program Files (x86)\ArcGIS\Desktop10.0\ArcToolbox\Toolboxes\Data Management Tools.tbx\AddField" Date="20141202" Time="075928">AddField P:\BaseMap_Update\TempShpFiles\cptemp01.shp POLY_CLASS SHORT # # # # NON_NULLABLE NON_REQUIRED #</Process><Process Name="Add Field (7)" ToolSource="C:\Program Files (x86)\ArcGIS\Desktop10.0\ArcToolbox\Toolboxes\Data Management Tools.tbx\AddField" Date="20141202" Time="075932">AddField P:\BaseMap_Update\TempShpFiles\cptemp01.shp POLY_CREAT DATE # # # # NON_NULLABLE NON_REQUIRED #</Process><Process Name="Add Field (8)" ToolSource="C:\Program Files (x86)\ArcGIS\Desktop10.0\ArcToolbox\Toolboxes\Data Management Tools.tbx\AddField" Date="20141202" Time="075936">AddField P:\BaseMap_Update\TempShpFiles\cptemp01.shp POLY_DESCR TEXT # # 50 # NON_NULLABLE NON_REQUIRED #</Process><Process Name="Add Field (9)" ToolSource="C:\Program Files (x86)\ArcGIS\Desktop10.0\ArcToolbox\Toolboxes\Data Management Tools.tbx\AddField" Date="20141202" Time="075940">AddField P:\BaseMap_Update\TempShpFiles\cptemp01.shp APN_STATUS SHORT # # # # NON_NULLABLE NON_REQUIRED #</Process><Process Name="Add Field (10)" ToolSource="C:\Program Files (x86)\ArcGIS\Desktop10.0\ArcToolbox\Toolboxes\Data Management Tools.tbx\AddField" Date="20141202" Time="075944">AddField P:\BaseMap_Update\TempShpFiles\cptemp01.shp USECDPRI TEXT # # 2 # NON_NULLABLE NON_REQUIRED #</Process><Process Name="Add Field (11)" ToolSource="C:\Program Files (x86)\ArcGIS\Desktop10.0\ArcToolbox\Toolboxes\Data Management Tools.tbx\AddField" Date="20141202" Time="075949">AddField P:\BaseMap_Update\TempShpFiles\cptemp01.shp USECDPRICL TEXT # # 3 # NON_NULLABLE NON_REQUIRED #</Process><Process Name="Add Field (12)" ToolSource="C:\Program Files (x86)\ArcGIS\Desktop10.0\ArcToolbox\Toolboxes\Data Management Tools.tbx\AddField" Date="20141202" Time="075953">AddField P:\BaseMap_Update\TempShpFiles\cptemp01.shp USECDPRITY TEXT # # 3 # NON_NULLABLE NON_REQUIRED #</Process><Process Name="Add Field (13)" ToolSource="C:\Program Files (x86)\ArcGIS\Desktop10.0\ArcToolbox\Toolboxes\Data Management Tools.tbx\AddField" Date="20141202" Time="075958">AddField P:\BaseMap_Update\TempShpFiles\cptemp01.shp USECDPRILI TEXT # # 40 # NON_NULLABLE NON_REQUIRED #</Process><Process Name="Add Field (14)" ToolSource="C:\Program Files (x86)\ArcGIS\Desktop10.0\ArcToolbox\Toolboxes\Data Management Tools.tbx\AddField" Date="20141202" Time="080003">AddField P:\BaseMap_Update\TempShpFiles\cptemp01.shp USECDSEC TEXT # # 2 # NON_NULLABLE NON_REQUIRED #</Process><Process Name="Add Field (15)" ToolSource="C:\Program Files (x86)\ArcGIS\Desktop10.0\ArcToolbox\Toolboxes\Data Management Tools.tbx\AddField" Date="20141202" Time="080008">AddField P:\BaseMap_Update\TempShpFiles\cptemp01.shp USECDSECCL TEXT # # 3 # NON_NULLABLE NON_REQUIRED #</Process><Process Name="Add Field (16)" ToolSource="C:\Program Files (x86)\ArcGIS\Desktop10.0\ArcToolbox\Toolboxes\Data Management Tools.tbx\AddField" Date="20141202" Time="080012">AddField P:\BaseMap_Update\TempShpFiles\cptemp01.shp USECDSECTY TEXT # # 3 # NON_NULLABLE NON_REQUIRED #</Process><Process Name="Add Field (17)" ToolSource="C:\Program Files (x86)\ArcGIS\Desktop10.0\ArcToolbox\Toolboxes\Data Management Tools.tbx\AddField" Date="20141202" Time="080017">AddField P:\BaseMap_Update\TempShpFiles\cptemp01.shp USECDSECLI TEXT # # 40 # NON_NULLABLE NON_REQUIRED #</Process><Process Name="Add Field (18)" ToolSource="C:\Program Files (x86)\ArcGIS\Desktop10.0\ArcToolbox\Toolboxes\Data Management Tools.tbx\AddField" Date="20141202" Time="080022">AddField P:\BaseMap_Update\TempShpFiles\cptemp01.shp ACREAGE DOUBLE 12 2 # # NON_NULLABLE NON_REQUIRED #</Process><Process Name="Add Field (19)" ToolSource="C:\Program Files (x86)\ArcGIS\Desktop10.0\ArcToolbox\Toolboxes\Data Management Tools.tbx\AddField" Date="20141202" Time="080027">AddField P:\BaseMap_Update\TempShpFiles\cptemp01.shp LEGAL_DESC TEXT # # 16 # NON_NULLABLE NON_REQUIRED #</Process><Process Name="Add Field (20)" ToolSource="C:\Program Files (x86)\ArcGIS\Desktop10.0\ArcToolbox\Toolboxes\Data Management Tools.tbx\AddField" Date="20141202" Time="080032">AddField P:\BaseMap_Update\TempShpFiles\cptemp01.shp SUBDIV SHORT # # # # NON_NULLABLE NON_REQUIRED #</Process><Process Name="Add Field (21)" ToolSource="C:\Program Files (x86)\ArcGIS\Desktop10.0\ArcToolbox\Toolboxes\Data Management Tools.tbx\AddField" Date="20141202" Time="080037">AddField P:\BaseMap_Update\TempShpFiles\cptemp01.shp SUBDIV_LIT TEXT # # 20 # NON_NULLABLE NON_REQUIRED #</Process><Process Name="Add Field (22)" ToolSource="C:\Program Files (x86)\ArcGIS\Desktop10.0\ArcToolbox\Toolboxes\Data Management Tools.tbx\AddField" Date="20141202" Time="080043">AddField P:\BaseMap_Update\TempShpFiles\cptemp01.shp SITUSNUMBR LONG # # # # NON_NULLABLE NON_REQUIRED #</Process><Process Name="Add Field (23)" ToolSource="C:\Program Files (x86)\ArcGIS\Desktop10.0\ArcToolbox\Toolboxes\Data Management Tools.tbx\AddField" Date="20141202" Time="080049">AddField P:\BaseMap_Update\TempShpFiles\cptemp01.shp SITUSSTRNM TEXT # # 25 # NON_NULLABLE NON_REQUIRED #</Process><Process Name="Add Field (24)" ToolSource="C:\Program Files (x86)\ArcGIS\Desktop10.0\ArcToolbox\Toolboxes\Data Management Tools.tbx\AddField" Date="20141202" Time="080053">AddField P:\BaseMap_Update\TempShpFiles\cptemp01.shp SITUSSTRTY TEXT # # 4 # NON_NULLABLE NON_REQUIRED #</Process><Process Name="Add Field (25)" ToolSource="C:\Program Files (x86)\ArcGIS\Desktop10.0\ArcToolbox\Toolboxes\Data Management Tools.tbx\AddField" Date="20141202" Time="080059">AddField P:\BaseMap_Update\TempShpFiles\cptemp01.shp UNIT_TYPE TEXT # # 5 # NON_NULLABLE NON_REQUIRED #</Process><Process Name="Add Field (26)" ToolSource="C:\Program Files (x86)\ArcGIS\Desktop10.0\ArcToolbox\Toolboxes\Data Management Tools.tbx\AddField" Date="20141202" Time="080103">AddField P:\BaseMap_Update\TempShpFiles\cptemp01.shp UNIT_NBR TEXT # # 4 # NON_NULLABLE NON_REQUIRED #</Process><Process Name="Add Field (27)" ToolSource="C:\Program Files (x86)\ArcGIS\Desktop10.0\ArcToolbox\Toolboxes\Data Management Tools.tbx\AddField" Date="20141202" Time="080109">AddField P:\BaseMap_Update\TempShpFiles\cptemp01.shp STRUCVAL DOUBLE 11 0 # # NON_NULLABLE NON_REQUIRED #</Process><Process Name="Add Field (28)" ToolSource="C:\Program Files (x86)\ArcGIS\Desktop10.0\ArcToolbox\Toolboxes\Data Management Tools.tbx\AddField" Date="20141202" Time="080114">AddField P:\BaseMap_Update\TempShpFiles\cptemp01.shp LANDVAL DOUBLE 11 0 # # NON_NULLABLE NON_REQUIRED #</Process><Process Name="Add Field (29)" ToolSource="C:\Program Files (x86)\ArcGIS\Desktop10.0\ArcToolbox\Toolboxes\Data Management Tools.tbx\AddField" Date="20141202" Time="080120">AddField P:\BaseMap_Update\TempShpFiles\cptemp01.shp OWNER_NAME TEXT # # 30 # NON_NULLABLE NON_REQUIRED #</Process><Process Name="Add Field (30)" ToolSource="C:\Program Files (x86)\ArcGIS\Desktop10.0\ArcToolbox\Toolboxes\Data Management Tools.tbx\AddField" Date="20141202" Time="080125">AddField P:\BaseMap_Update\TempShpFiles\cptemp01.shp OWNER_ADDR TEXT # # 30 # NON_NULLABLE NON_REQUIRED #</Process><Process Name="Add Field (31)" ToolSource="C:\Program Files (x86)\ArcGIS\Desktop10.0\ArcToolbox\Toolboxes\Data Management Tools.tbx\AddField" Date="20141202" Time="080131">AddField P:\BaseMap_Update\TempShpFiles\cptemp01.shp OWNER_CITY TEXT # # 30 # NON_NULLABLE NON_REQUIRED #</Process><Process Name="Add Field (32)" ToolSource="C:\Program Files (x86)\ArcGIS\Desktop10.0\ArcToolbox\Toolboxes\Data Management Tools.tbx\AddField" Date="20141202" Time="080137">AddField P:\BaseMap_Update\TempShpFiles\cptemp01.shp OWNER_STAT TEXT # # 2 # NON_NULLABLE NON_REQUIRED #</Process><Process Name="Add Field (33)" ToolSource="C:\Program Files (x86)\ArcGIS\Desktop10.0\ArcToolbox\Toolboxes\Data Management Tools.tbx\AddField" Date="20141202" Time="080142">AddField P:\BaseMap_Update\TempShpFiles\cptemp01.shp OWNER_ZIP TEXT # # 5 # NON_NULLABLE NON_REQUIRED #</Process><Process Name="Add Field (34)" ToolSource="C:\Program Files (x86)\ArcGIS\Desktop10.0\ArcToolbox\Toolboxes\Data Management Tools.tbx\AddField" Date="20141202" Time="080148">AddField P:\BaseMap_Update\TempShpFiles\cptemp01.shp OWNER_ZIPS TEXT # # 4 # NON_NULLABLE NON_REQUIRED #</Process><Process Name="Add Field (35)" ToolSource="C:\Program Files (x86)\ArcGIS\Desktop10.0\ArcToolbox\Toolboxes\Data Management Tools.tbx\AddField" Date="20141202" Time="080154">AddField P:\BaseMap_Update\TempShpFiles\cptemp01.shp OWNER_CNTR TEXT # # 20 # NON_NULLABLE NON_REQUIRED #</Process><Process Name="Add Field (36)" ToolSource="C:\Program Files (x86)\ArcGIS\Desktop10.0\ArcToolbox\Toolboxes\Data Management Tools.tbx\AddField" Date="20141202" Time="080200">AddField P:\BaseMap_Update\TempShpFiles\cptemp01.shp CITY TEXT # # 25 # NON_NULLABLE NON_REQUIRED #</Process><Process Name="Add Field (37)" ToolSource="C:\Program Files (x86)\ArcGIS\Desktop10.0\ArcToolbox\Toolboxes\Data Management Tools.tbx\AddField" Date="20141202" Time="080207">AddField P:\BaseMap_Update\TempShpFiles\cptemp01.shp SUPR_LIT TEXT # # 16 # NON_NULLABLE NON_REQUIRED #</Process><Process Name="Add Field (38)" ToolSource="C:\Program Files (x86)\ArcGIS\Desktop10.0\ArcToolbox\Toolboxes\Data Management Tools.tbx\AddField" Date="20141202" Time="080213">AddField P:\BaseMap_Update\TempShpFiles\cptemp01.shp TRA_PRI SHORT # # # # NON_NULLABLE NON_REQUIRED #</Process><Process Name="Add Field (39)" ToolSource="C:\Program Files (x86)\ArcGIS\Desktop10.0\ArcToolbox\Toolboxes\Data Management Tools.tbx\AddField" Date="20141202" Time="080219">AddField P:\BaseMap_Update\TempShpFiles\cptemp01.shp TRA_SEC SHORT # # # # NON_NULLABLE NON_REQUIRED #</Process><Process Name="Add Field (40)" ToolSource="C:\Program Files (x86)\ArcGIS\Desktop10.0\ArcToolbox\Toolboxes\Data Management Tools.tbx\AddField" Date="20141202" Time="080225">AddField P:\BaseMap_Update\TempShpFiles\cptemp01.shp SCHL_LIT TEXT # # 25 # NON_NULLABLE NON_REQUIRED #</Process><Process Name="Add Field (41)" ToolSource="C:\Program Files (x86)\ArcGIS\Desktop10.0\ArcToolbox\Toolboxes\Data Management Tools.tbx\AddField" Date="20141202" Time="080231">AddField P:\BaseMap_Update\TempShpFiles\cptemp01.shp FIRE_LIT TEXT # # 25 # NON_NULLABLE NON_REQUIRED #</Process><Process Name="Add Field (42)" ToolSource="C:\Program Files (x86)\ArcGIS\Desktop10.0\ArcToolbox\Toolboxes\Data Management Tools.tbx\AddField" Date="20141202" Time="080238">AddField P:\BaseMap_Update\TempShpFiles\cptemp01.shp WATR_LIT TEXT # # 25 # NON_NULLABLE NON_REQUIRED #</Process><Process Name="Add Field (43)" ToolSource="C:\Program Files (x86)\ArcGIS\Desktop10.0\ArcToolbox\Toolboxes\Data Management Tools.tbx\AddField" Date="20141202" Time="080245">AddField P:\BaseMap_Update\TempShpFiles\cptemp01.shp AREA DOUBLE # # # # NON_NULLABLE NON_REQUIRED #</Process><Process Name="Add Field (44)" ToolSource="C:\Program Files (x86)\ArcGIS\Desktop10.0\ArcToolbox\Toolboxes\Data Management Tools.tbx\AddField" Date="20141202" Time="080251">AddField P:\BaseMap_Update\TempShpFiles\cptemp01.shp PERIMETER DOUBLE # # # # NON_NULLABLE NON_REQUIRED #</Process><Process Name="Calculate Field" ToolSource="C:\Program Files (x86)\ArcGIS\Desktop10.0\ArcToolbox\Toolboxes\Data Management Tools.tbx\CalculateField" Date="20141202" Time="080323">CalculateField P:\BaseMap_Update\TempShpFiles\cptemp01.shp POLY_ID [cpa_POLY_I] VB #</Process><Process Name="Calculate Field (2)" ToolSource="C:\Program Files (x86)\ArcGIS\Desktop10.0\ArcToolbox\Toolboxes\Data Management Tools.tbx\CalculateField" Date="20141202" Time="080352">CalculateField P:\BaseMap_Update\TempShpFiles\cptemp01.shp PRCL_ID [cpatemp0_2] VB #</Process><Process Name="Calculate Field (3)" ToolSource="C:\Program Files (x86)\ArcGIS\Desktop10.0\ArcToolbox\Toolboxes\Data Management Tools.tbx\CalculateField" Date="20141202" Time="080420">CalculateField P:\BaseMap_Update\TempShpFiles\cptemp01.shp EXCPTN_ID [cpatemp0_3] VB #</Process><Process Name="Calculate Field (4)" ToolSource="C:\Program Files (x86)\ArcGIS\Desktop10.0\ArcToolbox\Toolboxes\Data Management Tools.tbx\CalculateField" Date="20141202" Time="080449">CalculateField P:\BaseMap_Update\TempShpFiles\cptemp01.shp POLY_CLASS [cpatemp0_4] VB #</Process><Process Name="Calculate Field (5)" ToolSource="C:\Program Files (x86)\ArcGIS\Desktop10.0\ArcToolbox\Toolboxes\Data Management Tools.tbx\CalculateField" Date="20141202" Time="080518">CalculateField P:\BaseMap_Update\TempShpFiles\cptemp01.shp POLY_CREAT [cpatemp0_5] VB #</Process><Process Name="Calculate Field (6)" ToolSource="C:\Program Files (x86)\ArcGIS\Desktop10.0\ArcToolbox\Toolboxes\Data Management Tools.tbx\CalculateField" Date="20141202" Time="080547">CalculateField P:\BaseMap_Update\TempShpFiles\cptemp01.shp POLY_DESCR [cpatemp0_6] VB #</Process><Process Name="Calculate Field (7)" ToolSource="C:\Program Files (x86)\ArcGIS\Desktop10.0\ArcToolbox\Toolboxes\Data Management Tools.tbx\CalculateField" Date="20141202" Time="080616">CalculateField P:\BaseMap_Update\TempShpFiles\cptemp01.shp APN_STATUS [cpatemp0_7] VB #</Process><Process Name="Calculate Field (8)" ToolSource="C:\Program Files (x86)\ArcGIS\Desktop10.0\ArcToolbox\Toolboxes\Data Management Tools.tbx\CalculateField" Date="20141202" Time="080645">CalculateField P:\BaseMap_Update\TempShpFiles\cptemp01.shp USECDPRI [cpatemp0_8] VB #</Process><Process Name="Calculate Field (9)" ToolSource="C:\Program Files (x86)\ArcGIS\Desktop10.0\ArcToolbox\Toolboxes\Data Management Tools.tbx\CalculateField" Date="20141202" Time="080715">CalculateField P:\BaseMap_Update\TempShpFiles\cptemp01.shp USECDPRICL [cpatemp0_9] VB #</Process><Process Name="Calculate Field (10)" ToolSource="C:\Program Files (x86)\ArcGIS\Desktop10.0\ArcToolbox\Toolboxes\Data Management Tools.tbx\CalculateField" Date="20141202" Time="080743">CalculateField P:\BaseMap_Update\TempShpFiles\cptemp01.shp USECDPRITY [cpatemp_10] VB #</Process><Process Name="Calculate Field (11)" ToolSource="C:\Program Files (x86)\ArcGIS\Desktop10.0\ArcToolbox\Toolboxes\Data Management Tools.tbx\CalculateField" Date="20141202" Time="080813">CalculateField P:\BaseMap_Update\TempShpFiles\cptemp01.shp USECDPRILI [cpatemp_11] VB #</Process><Process Name="Calculate Field (12)" ToolSource="C:\Program Files (x86)\ArcGIS\Desktop10.0\ArcToolbox\Toolboxes\Data Management Tools.tbx\CalculateField" Date="20141202" Time="080841">CalculateField P:\BaseMap_Update\TempShpFiles\cptemp01.shp USECDSEC [cpatemp_12] VB #</Process><Process Name="Calculate Field (13)" ToolSource="C:\Program Files (x86)\ArcGIS\Desktop10.0\ArcToolbox\Toolboxes\Data Management Tools.tbx\CalculateField" Date="20141202" Time="080910">CalculateField P:\BaseMap_Update\TempShpFiles\cptemp01.shp USECDSECCL [cpatemp_13] VB #</Process><Process Name="Calculate Field (14)" ToolSource="C:\Program Files (x86)\ArcGIS\Desktop10.0\ArcToolbox\Toolboxes\Data Management Tools.tbx\CalculateField" Date="20141202" Time="080939">CalculateField P:\BaseMap_Update\TempShpFiles\cptemp01.shp USECDSECTY [cpatemp_14] VB #</Process><Process Name="Calculate Field (15)" ToolSource="C:\Program Files (x86)\ArcGIS\Desktop10.0\ArcToolbox\Toolboxes\Data Management Tools.tbx\CalculateField" Date="20141202" Time="081008">CalculateField P:\BaseMap_Update\TempShpFiles\cptemp01.shp USECDSECLI [cpatemp_15] VB #</Process><Process Name="Calculate Field (16)" ToolSource="C:\Program Files (x86)\ArcGIS\Desktop10.0\ArcToolbox\Toolboxes\Data Management Tools.tbx\CalculateField" Date="20141202" Time="081037">CalculateField P:\BaseMap_Update\TempShpFiles\cptemp01.shp ACREAGE [cpatemp_16] VB #</Process><Process Name="Calculate Field (17)" ToolSource="C:\Program Files (x86)\ArcGIS\Desktop10.0\ArcToolbox\Toolboxes\Data Management Tools.tbx\CalculateField" Date="20141202" Time="081106">CalculateField P:\BaseMap_Update\TempShpFiles\cptemp01.shp LEGAL_DESC [cpatemp_17] VB #</Process><Process Name="Calculate Field (18)" ToolSource="C:\Program Files (x86)\ArcGIS\Desktop10.0\ArcToolbox\Toolboxes\Data Management Tools.tbx\CalculateField" Date="20141202" Time="081136">CalculateField P:\BaseMap_Update\TempShpFiles\cptemp01.shp SUBDIV [cpatemp_18] VB #</Process><Process Name="Calculate Field (19)" ToolSource="C:\Program Files (x86)\ArcGIS\Desktop10.0\ArcToolbox\Toolboxes\Data Management Tools.tbx\CalculateField" Date="20141202" Time="081206">CalculateField P:\BaseMap_Update\TempShpFiles\cptemp01.shp SUBDIV_LIT [cpatemp_19] VB #</Process><Process Name="Calculate Field (20)" ToolSource="C:\Program Files (x86)\ArcGIS\Desktop10.0\ArcToolbox\Toolboxes\Data Management Tools.tbx\CalculateField" Date="20141202" Time="081235">CalculateField P:\BaseMap_Update\TempShpFiles\cptemp01.shp SITUSNUMBR [cpatemp_20] VB #</Process><Process Name="Calculate Field (21)" ToolSource="C:\Program Files (x86)\ArcGIS\Desktop10.0\ArcToolbox\Toolboxes\Data Management Tools.tbx\CalculateField" Date="20141202" Time="081304">CalculateField P:\BaseMap_Update\TempShpFiles\cptemp01.shp SITUSSTRNM [cpatemp_21] VB #</Process><Process Name="Calculate Field (22)" ToolSource="C:\Program Files (x86)\ArcGIS\Desktop10.0\ArcToolbox\Toolboxes\Data Management Tools.tbx\CalculateField" Date="20141202" Time="081333">CalculateField P:\BaseMap_Update\TempShpFiles\cptemp01.shp SITUSSTRTY [cpatemp_22] VB #</Process><Process Name="Calculate Field (23)" ToolSource="C:\Program Files (x86)\ArcGIS\Desktop10.0\ArcToolbox\Toolboxes\Data Management Tools.tbx\CalculateField" Date="20141202" Time="081403">CalculateField P:\BaseMap_Update\TempShpFiles\cptemp01.shp UNIT_TYPE [cpatemp_23] VB #</Process><Process Name="Calculate Field (24)" ToolSource="C:\Program Files (x86)\ArcGIS\Desktop10.0\ArcToolbox\Toolboxes\Data Management Tools.tbx\CalculateField" Date="20141202" Time="081433">CalculateField P:\BaseMap_Update\TempShpFiles\cptemp01.shp UNIT_NBR [cpatemp_24] VB #</Process><Process Name="Calculate Field (25)" ToolSource="C:\Program Files (x86)\ArcGIS\Desktop10.0\ArcToolbox\Toolboxes\Data Management Tools.tbx\CalculateField" Date="20141202" Time="081502">CalculateField P:\BaseMap_Update\TempShpFiles\cptemp01.shp STRUCVAL [cpatemp_25] VB #</Process><Process Name="Calculate Field (26)" ToolSource="C:\Program Files (x86)\ArcGIS\Desktop10.0\ArcToolbox\Toolboxes\Data Management Tools.tbx\CalculateField" Date="20141202" Time="081531">CalculateField P:\BaseMap_Update\TempShpFiles\cptemp01.shp LANDVAL [cpatemp_26] VB #</Process><Process Name="Calculate Field (27)" ToolSource="C:\Program Files (x86)\ArcGIS\Desktop10.0\ArcToolbox\Toolboxes\Data Management Tools.tbx\CalculateField" Date="20141202" Time="081600">CalculateField P:\BaseMap_Update\TempShpFiles\cptemp01.shp OWNER_NAME [cpatemp_27] VB #</Process><Process Name="Calculate Field (28)" ToolSource="C:\Program Files (x86)\ArcGIS\Desktop10.0\ArcToolbox\Toolboxes\Data Management Tools.tbx\CalculateField" Date="20141202" Time="081630">CalculateField P:\BaseMap_Update\TempShpFiles\cptemp01.shp OWNER_ADDR [cpatemp_28] VB #</Process><Process Name="Calculate Field (29)" ToolSource="C:\Program Files (x86)\ArcGIS\Desktop10.0\ArcToolbox\Toolboxes\Data Management Tools.tbx\CalculateField" Date="20141202" Time="081659">CalculateField P:\BaseMap_Update\TempShpFiles\cptemp01.shp OWNER_CITY [cpatemp_29] VB #</Process><Process Name="Calculate Field (30)" ToolSource="C:\Program Files (x86)\ArcGIS\Desktop10.0\ArcToolbox\Toolboxes\Data Management Tools.tbx\CalculateField" Date="20141202" Time="081731">CalculateField P:\BaseMap_Update\TempShpFiles\cptemp01.shp OWNER_STAT [cpatemp_30] VB #</Process><Process Name="Calculate Field (31)" ToolSource="C:\Program Files (x86)\ArcGIS\Desktop10.0\ArcToolbox\Toolboxes\Data Management Tools.tbx\CalculateField" Date="20141202" Time="081800">CalculateField P:\BaseMap_Update\TempShpFiles\cptemp01.shp OWNER_ZIP [cpatemp_31] VB #</Process><Process Name="Calculate Field (32)" ToolSource="C:\Program Files (x86)\ArcGIS\Desktop10.0\ArcToolbox\Toolboxes\Data Management Tools.tbx\CalculateField" Date="20141202" Time="081829">CalculateField P:\BaseMap_Update\TempShpFiles\cptemp01.shp OWNER_ZIPS [cpatemp_32] VB #</Process><Process Name="Calculate Field (33)" ToolSource="C:\Program Files (x86)\ArcGIS\Desktop10.0\ArcToolbox\Toolboxes\Data Management Tools.tbx\CalculateField" Date="20141202" Time="081858">CalculateField P:\BaseMap_Update\TempShpFiles\cptemp01.shp OWNER_CNTR [cpatemp_33] VB #</Process><Process Name="Calculate Field (34)" ToolSource="C:\Program Files (x86)\ArcGIS\Desktop10.0\ArcToolbox\Toolboxes\Data Management Tools.tbx\CalculateField" Date="20141202" Time="081928">CalculateField P:\BaseMap_Update\TempShpFiles\cptemp01.shp CITY [cpatemp_34] VB #</Process><Process Name="Calculate Field (35)" ToolSource="C:\Program Files (x86)\ArcGIS\Desktop10.0\ArcToolbox\Toolboxes\Data Management Tools.tbx\CalculateField" Date="20141202" Time="081958">CalculateField P:\BaseMap_Update\TempShpFiles\cptemp01.shp SUPR_LIT [cpatemp_35] VB #</Process><Process Name="Calculate Field (36)" ToolSource="C:\Program Files (x86)\ArcGIS\Desktop10.0\ArcToolbox\Toolboxes\Data Management Tools.tbx\CalculateField" Date="20141202" Time="082032">CalculateField P:\BaseMap_Update\TempShpFiles\cptemp01.shp TRA_PRI [cpatemp_36] VB #</Process><Process Name="Calculate Field (37)" ToolSource="C:\Program Files (x86)\ArcGIS\Desktop10.0\ArcToolbox\Toolboxes\Data Management Tools.tbx\CalculateField" Date="20141202" Time="082101">CalculateField P:\BaseMap_Update\TempShpFiles\cptemp01.shp TRA_SEC [cpatemp_37] VB #</Process><Process Name="Calculate Field (38)" ToolSource="C:\Program Files (x86)\ArcGIS\Desktop10.0\ArcToolbox\Toolboxes\Data Management Tools.tbx\CalculateField" Date="20141202" Time="082130">CalculateField P:\BaseMap_Update\TempShpFiles\cptemp01.shp SCHL_LIT [cpatemp_38] VB #</Process><Process Name="Calculate Field (39)" ToolSource="C:\Program Files (x86)\ArcGIS\Desktop10.0\ArcToolbox\Toolboxes\Data Management Tools.tbx\CalculateField" Date="20141202" Time="082159">CalculateField P:\BaseMap_Update\TempShpFiles\cptemp01.shp FIRE_LIT [cpatemp_39] VB #</Process><Process Name="Calculate Field (40)" ToolSource="C:\Program Files (x86)\ArcGIS\Desktop10.0\ArcToolbox\Toolboxes\Data Management Tools.tbx\CalculateField" Date="20141202" Time="082228">CalculateField P:\BaseMap_Update\TempShpFiles\cptemp01.shp WATR_LIT [cpatemp_40] VB #</Process><Process Name="Delete Field (5)" ToolSource="C:\Program Files (x86)\ArcGIS\Desktop10.0\ArcToolbox\Toolboxes\Data Management Tools.tbx\DeleteField" Date="20141202" Time="082609">DeleteField P:\BaseMap_Update\TempShpFiles\cptemp01.shp cpa_POLY_I;cpatemp04_;cpatemp041;cpatemp0_1;cpatemp0_2;cpatemp0_3;cpatemp0_4;cpatemp0_5;cpatemp0_6;cpatemp0_7;cpatemp0_8;cpatemp0_9;cpatemp_10;cpatemp_11;cpatemp_12;cpatemp_13;cpatemp_14;cpatemp_15;cpatemp_16;cpatemp_17;cpatemp_18;cpatemp_19;cpatemp_20;cpatemp_21;cpatemp_22;cpatemp_23;cpatemp_24;cpatemp_25;cpatemp_26;cpatemp_27;cpatemp_28;cpatemp_29;cpatemp_30;cpatemp_31;cpatemp_32;cpatemp_33;cpatemp_34;cpatemp_35;cpatemp_36;cpatemp_37;cpatemp_38;cpatemp_39;cpatemp_40</Process><Process Name="Copy Features (5)" ToolSource="C:\Program Files (x86)\ArcGIS\Desktop10.0\ArcToolbox\Toolboxes\Data Management Tools.tbx\CopyFeatures" Date="20141202" Time="082635">CopyFeatures P:\BaseMap_Update\TempShpFiles\cptemp01.shp P:\BaseMap_Update\TempShpFiles\cpdata.shp # 0 0 0</Process></lineage><itemProps><itemName Sync="TRUE">cpdata</itemName><imsContentType Sync="TRUE">002</imsContentType><itemSize Sync="TRUE">0.000</itemSize><itemLocation><linkage Sync="TRUE">file://\\gisdata\SV-common\SDEPolyBase\BaseMap_Update\TempShpFiles\cpdata.shp</linkage><protocol Sync="TRUE">Local Area Network</protocol></itemLocation></itemProps><coordRef><type Sync="TRUE">Projected</type><geogcsn Sync="TRUE">GCS_North_American_1983</geogcsn><csUnits Sync="TRUE">Linear Unit: Foot_US (0.304801)</csUnits><projcsn Sync="TRUE">NAD_1983_StatePlane_California_II_FIPS_0402_Feet</projcsn><peXml Sync="TRUE">&lt;ProjectedCoordinateSystem xsi:type='typens:ProjectedCoordinateSystem' xmlns:xsi='http://www.w3.org/2001/XMLSchema-instance' xmlns:xs='http://www.w3.org/2001/XMLSchema' xmlns:typens='http://www.esri.com/schemas/ArcGIS/10.0'&gt;&lt;WKT&gt;PROJCS[&amp;quot;NAD_1983_StatePlane_California_II_FIPS_0402_Feet&amp;quot;,GEOGCS[&amp;quot;GCS_North_American_1983&amp;quot;,DATUM[&amp;quot;D_North_American_1983&amp;quot;,SPHEROID[&amp;quot;GRS_1980&amp;quot;,6378137.0,298.257222101]],PRIMEM[&amp;quot;Greenwich&amp;quot;,0.0],UNIT[&amp;quot;Degree&amp;quot;,0.0174532925199433]],PROJECTION[&amp;quot;Lambert_Conformal_Conic&amp;quot;],PARAMETER[&amp;quot;False_Easting&amp;quot;,6561666.666666666],PARAMETER[&amp;quot;False_Northing&amp;quot;,1640416.666666667],PARAMETER[&amp;quot;Central_Meridian&amp;quot;,-122.0],PARAMETER[&amp;quot;Standard_Parallel_1&amp;quot;,38.33333333333334],PARAMETER[&amp;quot;Standard_Parallel_2&amp;quot;,39.83333333333334],PARAMETER[&amp;quot;Latitude_Of_Origin&amp;quot;,37.66666666666666],UNIT[&amp;quot;Foot_US&amp;quot;,0.3048006096012192],AUTHORITY[&amp;quot;EPSG&amp;quot;,2226]]&lt;/WKT&gt;&lt;XOrigin&gt;-115211800&lt;/XOrigin&gt;&lt;YOrigin&gt;-93821500&lt;/YOrigin&gt;&lt;XYScale&gt;36983428.057351544&lt;/XYScale&gt;&lt;ZOrigin&gt;-100000&lt;/ZOrigin&gt;&lt;ZScale&gt;10000&lt;/ZScale&gt;&lt;MOrigin&gt;-100000&lt;/MOrigin&gt;&lt;MScale&gt;10000&lt;/MScale&gt;&lt;XYTolerance&gt;0.0032808333333333335&lt;/XYTolerance&gt;&lt;ZTolerance&gt;0.001&lt;/ZTolerance&gt;&lt;MTolerance&gt;0.001&lt;/MTolerance&gt;&lt;HighPrecision&gt;true&lt;/HighPrecision&gt;&lt;WKID&gt;2226&lt;/WKID&gt;&lt;/ProjectedCoordinateSystem&gt;</peXml></coordRef></DataProperties><SyncDate>20141202</SyncDate><SyncTime>08260900</SyncTime><ModDate>20141202</ModDate><ModTime>08260900</ModTime></Esri><dataIdInfo><envirDesc Sync="TRUE">Microsoft Windows 7 Version 6.1 (Build 7601) Service Pack 1; ESRI ArcGIS 10.0.5.4400</envirDesc><dataLang><languageCode value="eng" Sync="TRUE"></languageCode><countryCode value="USA" Sync="TRUE"></countryCode></dataLang><idCitation><resTitle Sync="TRUE">cpdata</resTitle><presForm><PresFormCd value="005" Sync="TRUE"></PresFormCd></presForm></idCitation><spatRpType><SpatRepTypCd value="001" Sync="TRUE"></SpatRepTypCd></spatRpType></dataIdInfo><mdLang><languageCode value="eng" Sync="TRUE"></languageCode><countryCode value="USA" Sync="TRUE"></countryCode></mdLang><mdChar><CharSetCd value="004" Sync="TRUE"></CharSetCd></mdChar><distInfo><distFormat><formatName Sync="TRUE">Shapefile</formatName></distFormat><distTranOps><transSize Sync="TRUE">0.000</transSize></distTranOps></distInfo><mdHrLv><ScopeCd value="005" Sync="TRUE"></ScopeCd></mdHrLv><mdHrLvName Sync="TRUE">dataset</mdHrLvName><refSysInfo><RefSystem><refSysID><identCode code="2226" Sync="TRUE" value="2226"></identCode><idCodeSpace Sync="TRUE">EPSG</idCodeSpace><idVersion Sync="TRUE">7.4.1</idVersion></refSysID></RefSystem></refSysInfo><spatRepInfo><VectSpatRep><geometObjs Name="cpdata"><geoObjTyp><GeoObjTypCd value="002" Sync="TRUE"></GeoObjTypCd></geoObjTyp><geoObjCnt Sync="TRUE">0</geoObjCnt></geometObjs><topLvl><TopoLevCd value="001" Sync="TRUE"></TopoLevCd></topLvl></VectSpatRep></spatRepInfo><spdoinfo><ptvctinf><esriterm><efeatyp Sync="TRUE">Simple</efeatyp><efeageom code="4" Sync="TRUE"></efeageom><esritopo Sync="TRUE">FALSE</esritopo><efeacnt Sync="TRUE">0</efeacnt><spindex Sync="TRUE">FALSE</spindex><linrefer Sync="TRUE">FALSE</linrefer></esriterm></ptvctinf></spdoinfo><eainfo><detailed Name="cpdata"><enttyp><enttypl Sync="TRUE">cpdata</enttypl><enttypt Sync="TRUE">Feature Class</enttypt><enttypc Sync="TRUE">0</enttypc></enttyp><attr><attrlabl Sync="TRUE">FID</attrlabl><attalias Sync="TRUE">FID</attalias><attrtype Sync="TRUE">OID</attrtype><attwidth Sync="TRUE">4</attwidth><atprecis Sync="TRUE">0</atprecis><attscale Sync="TRUE">0</attscale><attrdef Sync="TRUE">Internal feature number.</attrdef><attrdefs Sync="TRUE">ESRI</attrdefs><attrdomv><udom Sync="TRUE">Sequential unique whole numbers that are automatically generated.</udom></attrdomv></attr><attr><attrlabl Sync="TRUE">Shape</attrlabl><attalias Sync="TRUE">Shape</attalias><attrtype Sync="TRUE">Geometry</attrtype><attwidth Sync="TRUE">0</attwidth><atprecis Sync="TRUE">0</atprecis><attscale Sync="TRUE">0</attscale><attrdef Sync="TRUE">Feature geometry.</attrdef><attrdefs Sync="TRUE">ESRI</attrdefs><attrdomv><udom Sync="TRUE">Coordinates defining the features.</udom></attrdomv></attr><attr><attrlabl Sync="TRUE">POLY_ID</attrlabl><attalias Sync="TRUE">POLY_ID</attalias><attrtype Sync="TRUE">Integer</attrtype><attwidth Sync="TRUE">9</attwidth><atprecis Sync="TRUE">9</atprecis><attscale Sync="TRUE">0</attscale></attr><attr><attrlabl Sync="TRUE">PRCL_ID</attrlabl><attalias Sync="TRUE">PRCL_ID</attalias><attrtype Sync="TRUE">String</attrtype><attwidth Sync="TRUE">8</attwidth><atprecis Sync="TRUE">0</atprecis><attscale Sync="TRUE">0</attscale></attr><attr><attrlabl Sync="TRUE">EXCPTN_ID</attrlabl><attalias Sync="TRUE">EXCPTN_ID</attalias><attrtype Sync="TRUE">SmallInteger</attrtype><attwidth Sync="TRUE">4</attwidth><atprecis Sync="TRUE">4</atprecis><attscale Sync="TRUE">0</attscale></attr><attr><attrlabl Sync="TRUE">POLY_CLASS</attrlabl><attalias Sync="TRUE">POLY_CLASS</attalias><attrtype Sync="TRUE">SmallInteger</attrtype><attwidth Sync="TRUE">4</attwidth><atprecis Sync="TRUE">4</atprecis><attscale Sync="TRUE">0</attscale></attr><attr><attrlabl Sync="TRUE">POLY_CREAT</attrlabl><attalias Sync="TRUE">POLY_CREAT</attalias><attrtype Sync="TRUE">Date</attrtype><attwidth Sync="TRUE">8</attwidth><atprecis Sync="TRUE">0</atprecis><attscale Sync="TRUE">0</attscale></attr><attr><attrlabl Sync="TRUE">POLY_DESCR</attrlabl><attalias Sync="TRUE">POLY_DESCR</attalias><attrtype Sync="TRUE">String</attrtype><attwidth Sync="TRUE">50</attwidth><atprecis Sync="TRUE">0</atprecis><attscale Sync="TRUE">0</attscale></attr><attr><attrlabl Sync="TRUE">APN_STATUS</attrlabl><attalias Sync="TRUE">APN_STATUS</attalias><attrtype Sync="TRUE">SmallInteger</attrtype><attwidth Sync="TRUE">4</attwidth><atprecis Sync="TRUE">4</atprecis><attscale Sync="TRUE">0</attscale></attr><attr><attrlabl Sync="TRUE">USECDPRI</attrlabl><attalias Sync="TRUE">USECDPRI</attalias><attrtype Sync="TRUE">String</attrtype><attwidth Sync="TRUE">2</attwidth><atprecis Sync="TRUE">0</atprecis><attscale Sync="TRUE">0</attscale></attr><attr><attrlabl Sync="TRUE">USECDPRICL</attrlabl><attalias Sync="TRUE">USECDPRICL</attalias><attrtype Sync="TRUE">String</attrtype><attwidth Sync="TRUE">3</attwidth><atprecis Sync="TRUE">0</atprecis><attscale Sync="TRUE">0</attscale></attr><attr><attrlabl Sync="TRUE">USECDPRITY</attrlabl><attalias Sync="TRUE">USECDPRITY</attalias><attrtype Sync="TRUE">String</attrtype><attwidth Sync="TRUE">3</attwidth><atprecis Sync="TRUE">0</atprecis><attscale Sync="TRUE">0</attscale></attr><attr><attrlabl Sync="TRUE">USECDPRILI</attrlabl><attalias Sync="TRUE">USECDPRILI</attalias><attrtype Sync="TRUE">String</attrtype><attwidth Sync="TRUE">40</attwidth><atprecis Sync="TRUE">0</atprecis><attscale Sync="TRUE">0</attscale></attr><attr><attrlabl Sync="TRUE">USECDSEC</attrlabl><attalias Sync="TRUE">USECDSEC</attalias><attrtype Sync="TRUE">String</attrtype><attwidth Sync="TRUE">2</attwidth><atprecis Sync="TRUE">0</atprecis><attscale Sync="TRUE">0</attscale></attr><attr><attrlabl Sync="TRUE">USECDSECCL</attrlabl><attalias Sync="TRUE">USECDSECCL</attalias><attrtype Sync="TRUE">String</attrtype><attwidth Sync="TRUE">3</attwidth><atprecis Sync="TRUE">0</atprecis><attscale Sync="TRUE">0</attscale></attr><attr><attrlabl Sync="TRUE">USECDSECTY</attrlabl><attalias Sync="TRUE">USECDSECTY</attalias><attrtype Sync="TRUE">String</attrtype><attwidth Sync="TRUE">3</attwidth><atprecis Sync="TRUE">0</atprecis><attscale Sync="TRUE">0</attscale></attr><attr><attrlabl Sync="TRUE">USECDSECLI</attrlabl><attalias Sync="TRUE">USECDSECLI</attalias><attrtype Sync="TRUE">String</attrtype><attwidth Sync="TRUE">40</attwidth><atprecis Sync="TRUE">0</atprecis><attscale Sync="TRUE">0</attscale></attr><attr><attrlabl Sync="TRUE">ACREAGE</attrlabl><attalias Sync="TRUE">ACREAGE</attalias><attrtype Sync="TRUE">Double</attrtype><attwidth Sync="TRUE">15</attwidth><atprecis Sync="TRUE">14</atprecis><attscale Sync="TRUE">2</attscale></attr><attr><attrlabl Sync="TRUE">LEGAL_DESC</attrlabl><attalias Sync="TRUE">LEGAL_DESC</attalias><attrtype Sync="TRUE">String</attrtype><attwidth Sync="TRUE">16</attwidth><atprecis Sync="TRUE">0</atprecis><attscale Sync="TRUE">0</attscale></attr><attr><attrlabl Sync="TRUE">SUBDIV</attrlabl><attalias Sync="TRUE">SUBDIV</attalias><attrtype Sync="TRUE">SmallInteger</attrtype><attwidth Sync="TRUE">4</attwidth><atprecis Sync="TRUE">4</atprecis><attscale Sync="TRUE">0</attscale></attr><attr><attrlabl Sync="TRUE">SUBDIV_LIT</attrlabl><attalias Sync="TRUE">SUBDIV_LIT</attalias><attrtype Sync="TRUE">String</attrtype><attwidth Sync="TRUE">20</attwidth><atprecis Sync="TRUE">0</atprecis><attscale Sync="TRUE">0</attscale></attr><attr><attrlabl Sync="TRUE">SITUSNUMBR</attrlabl><attalias Sync="TRUE">SITUSNUMBR</attalias><attrtype Sync="TRUE">Integer</attrtype><attwidth Sync="TRUE">9</attwidth><atprecis Sync="TRUE">9</atprecis><attscale Sync="TRUE">0</attscale></attr><attr><attrlabl Sync="TRUE">SITUSSTRNM</attrlabl><attalias Sync="TRUE">SITUSSTRNM</attalias><attrtype Sync="TRUE">String</attrtype><attwidth Sync="TRUE">25</attwidth><atprecis Sync="TRUE">0</atprecis><attscale Sync="TRUE">0</attscale></attr><attr><attrlabl Sync="TRUE">SITUSSTRTY</attrlabl><attalias Sync="TRUE">SITUSSTRTY</attalias><attrtype Sync="TRUE">String</attrtype><attwidth Sync="TRUE">4</attwidth><atprecis Sync="TRUE">0</atprecis><attscale Sync="TRUE">0</attscale></attr><attr><attrlabl Sync="TRUE">UNIT_TYPE</attrlabl><attalias Sync="TRUE">UNIT_TYPE</attalias><attrtype Sync="TRUE">String</attrtype><attwidth Sync="TRUE">5</attwidth><atprecis Sync="TRUE">0</atprecis><attscale Sync="TRUE">0</attscale></attr><attr><attrlabl Sync="TRUE">UNIT_NBR</attrlabl><attalias Sync="TRUE">UNIT_NBR</attalias><attrtype Sync="TRUE">String</attrtype><attwidth Sync="TRUE">4</attwidth><atprecis Sync="TRUE">0</atprecis><attscale Sync="TRUE">0</attscale></attr><attr><attrlabl Sync="TRUE">STRUCVAL</attrlabl><attalias Sync="TRUE">STRUCVAL</attalias><attrtype Sync="TRUE">Double</attrtype><attwidth Sync="TRUE">11</attwidth><atprecis Sync="TRUE">11</atprecis><attscale Sync="TRUE">0</attscale></attr><attr><attrlabl Sync="TRUE">LANDVAL</attrlabl><attalias Sync="TRUE">LANDVAL</attalias><attrtype Sync="TRUE">Double</attrtype><attwidth Sync="TRUE">11</attwidth><atprecis Sync="TRUE">11</atprecis><attscale Sync="TRUE">0</attscale></attr><attr><attrlabl Sync="TRUE">OWNER_NAME</attrlabl><attalias Sync="TRUE">OWNER_NAME</attalias><attrtype Sync="TRUE">String</attrtype><attwidth Sync="TRUE">30</attwidth><atprecis Sync="TRUE">0</atprecis><attscale Sync="TRUE">0</attscale></attr><attr><attrlabl Sync="TRUE">OWNER_ADDR</attrlabl><attalias Sync="TRUE">OWNER_ADDR</attalias><attrtype Sync="TRUE">String</attrtype><attwidth Sync="TRUE">30</attwidth><atprecis Sync="TRUE">0</atprecis><attscale Sync="TRUE">0</attscale></attr><attr><attrlabl Sync="TRUE">OWNER_CITY</attrlabl><attalias Sync="TRUE">OWNER_CITY</attalias><attrtype Sync="TRUE">String</attrtype><attwidth Sync="TRUE">30</attwidth><atprecis Sync="TRUE">0</atprecis><attscale Sync="TRUE">0</attscale></attr><attr><attrlabl Sync="TRUE">OWNER_STAT</attrlabl><attalias Sync="TRUE">OWNER_STAT</attalias><attrtype Sync="TRUE">String</attrtype><attwidth Sync="TRUE">2</attwidth><atprecis Sync="TRUE">0</atprecis><attscale Sync="TRUE">0</attscale></attr><attr><attrlabl Sync="TRUE">OWNER_ZIP</attrlabl><attalias Sync="TRUE">OWNER_ZIP</attalias><attrtype Sync="TRUE">String</attrtype><attwidth Sync="TRUE">5</attwidth><atprecis Sync="TRUE">0</atprecis><attscale Sync="TRUE">0</attscale></attr><attr><attrlabl Sync="TRUE">OWNER_ZIPS</attrlabl><attalias Sync="TRUE">OWNER_ZIPS</attalias><attrtype Sync="TRUE">String</attrtype><attwidth Sync="TRUE">4</attwidth><atprecis Sync="TRUE">0</atprecis><attscale Sync="TRUE">0</attscale></attr><attr><attrlabl Sync="TRUE">OWNER_CNTR</attrlabl><attalias Sync="TRUE">OWNER_CNTR</attalias><attrtype Sync="TRUE">String</attrtype><attwidth Sync="TRUE">20</attwidth><atprecis Sync="TRUE">0</atprecis><attscale Sync="TRUE">0</attscale></attr><attr><attrlabl Sync="TRUE">CITY</attrlabl><attalias Sync="TRUE">CITY</attalias><attrtype Sync="TRUE">String</attrtype><attwidth Sync="TRUE">25</attwidth><atprecis Sync="TRUE">0</atprecis><attscale Sync="TRUE">0</attscale></attr><attr><attrlabl Sync="TRUE">SUPR_LIT</attrlabl><attalias Sync="TRUE">SUPR_LIT</attalias><attrtype Sync="TRUE">String</attrtype><attwidth Sync="TRUE">16</attwidth><atprecis Sync="TRUE">0</atprecis><attscale Sync="TRUE">0</attscale></attr><attr><attrlabl Sync="TRUE">TRA_PRI</attrlabl><attalias Sync="TRUE">TRA_PRI</attalias><attrtype Sync="TRUE">SmallInteger</attrtype><attwidth Sync="TRUE">4</attwidth><atprecis Sync="TRUE">4</atprecis><attscale Sync="TRUE">0</attscale></attr><attr><attrlabl Sync="TRUE">TRA_SEC</attrlabl><attalias Sync="TRUE">TRA_SEC</attalias><attrtype Sync="TRUE">SmallInteger</attrtype><attwidth Sync="TRUE">4</attwidth><atprecis Sync="TRUE">4</atprecis><attscale Sync="TRUE">0</attscale></attr><attr><attrlabl Sync="TRUE">SCHL_LIT</attrlabl><attalias Sync="TRUE">SCHL_LIT</attalias><attrtype Sync="TRUE">String</attrtype><attwidth Sync="TRUE">25</attwidth><atprecis Sync="TRUE">0</atprecis><attscale Sync="TRUE">0</attscale></attr><attr><attrlabl Sync="TRUE">FIRE_LIT</attrlabl><attalias Sync="TRUE">FIRE_LIT</attalias><attrtype Sync="TRUE">String</attrtype><attwidth Sync="TRUE">25</attwidth><atprecis Sync="TRUE">0</atprecis><attscale Sync="TRUE">0</attscale></attr><attr><attrlabl Sync="TRUE">WATR_LIT</attrlabl><attalias Sync="TRUE">WATR_LIT</attalias><attrtype Sync="TRUE">String</attrtype><attwidth Sync="TRUE">25</attwidth><atprecis Sync="TRUE">0</atprecis><attscale Sync="TRUE">0</attscale></attr><attr><attrlabl Sync="TRUE">AREA</attrlabl><attalias Sync="TRUE">AREA</attalias><attrtype Sync="TRUE">Double</attrtype><attwidth Sync="TRUE">19</attwidth><atprecis Sync="TRUE">0</atprecis><attscale Sync="TRUE">0</attscale></attr><attr><attrlabl Sync="TRUE">PERIMETER</attrlabl><attalias Sync="TRUE">PERIMETER</attalias><attrtype Sync="TRUE">Double</attrtype><attwidth Sync="TRUE">19</attwidth><atprecis Sync="TRUE">0</atprecis><attscale Sync="TRUE">0</attscale></attr></detailed></eainfo><mdDateSt Sync="TRUE">20141202</mdDateSt></metadata>
